nombre,marca,precio_venta,genero,volumen_ml,concentracion,imagen_url,descripcion_corta
"Zayed Eau de Parfum","Bagues",19999,"Árabe",50,"EDP","https://cdn.shopify.com/s/files/1/0621/1944/4614/files/Transparente_0000_Zayed.png?v=1763050712","Un perfume que celebra el encanto y la elegancia de la mujer contemporánea. Delicado y sofisticado, combina frescura, sensualidad y una impronta floral inolvidable"
"Marrakech Eau de Parfum","Bagues",19999,"Árabe",50,"EDP","https://cdn.shopify.com/s/files/1/0621/1944/4614/files/BMARRA50_1_37c35336-afea-433b-bd45-0f91f78c33aa.png?v=1756851105","Una fragancia envolvente y luminosa que invita a viajar con los sentidos. Desde el primer instante, una brisa fresca de cítricos —naranja siciliana, bergamota de Calabria y lima siciliana— despierta la piel con su energía chispeante y vibrante. Luego, el corazón se transforma en una explosión frutal, jugosa y acuosa, que evoca un paraíso tropical donde la alegría y la vitalidad se sienten en el..."
"Sahara Eau de Parfum","Bagues",19999,"Árabe",50,"EDP","https://cdn.shopify.com/s/files/1/0621/1944/4614/files/BSAHAR50_1_8e631804-4860-4692-8d7d-1b8f6b505e45.png?v=1756851280","Un tributo a la sensualidad audaz y encantadora, Sahara es una fragancia que cautiva desde el primer instante. Con un susurro floral de orquídea y heliotropo, esta creación despierta como una flor al amanecer en medio del desierto. La mandarina fresca aporta una chispa jugosa y vibrante que acaricia la piel como un rayo de sol dorado en el horizonte. En su corazón, un exquisito acorde gourmand ..."
"Shali Eau de Parfum","Bagues",19999,"Árabe",50,"EDP","https://cdn.shopify.com/s/files/1/0621/1944/4614/files/BSAHCA50_1_e8450f1c-96c4-41bf-952a-d66cb270b270.png?v=1756851297","En el corazón del desierto, un jardín secreto florece entre jazmines y rosas. La dulzura de la mandarina y la pera se funde con vainilla y sándalo, en un atardecer cálido que despierta los sentidos. Una fragancia floral frutal gourmand que combina notas golosas y luminosas con una estela envolvente y seductora."
"Dubai Eau de Parfum","Bagues",19999,"Árabe",50,"EDP","https://cdn.shopify.com/s/files/1/0621/1944/4614/files/BDUBAI50_1_77aa1615-8546-4849-8eca-97c18e963b4c.png?v=1756850964","Una fragancia intensa y enigmática que encarna el lujo y la audacia del espíritu moderno. Desde el primer instante, la pimienta roja despierta la piel con un cosquilleo especiado y vibrante, suavizado por el frescor cítrico de la bergamota, creando una entrada provocadora e inesperada. El corazón florece con una opulenta combinación de rosa turca y rosa búlgara, exaltadas por la presencia delic..."
"Doha Eau de Parfum","Bagues",19999,"Árabe",50,"EDP","https://cdn.shopify.com/s/files/1/0621/1944/4614/files/BADOHA50_1_0af431fc-7c74-4863-bc0e-f84aced67a97.png?v=1756850961","Un amanecer dorado se despliega con la frescura jugosa de una manzana recién cortada, mientras el delicado litchi y los pétalos de rosa turca perfuman el aire con elegancia y encanto. Esta entrada luminosa y vibrante despierta los sentidos y da paso a un corazón seductor y profundo. En su centro, una fusión de ciruela madura y jazmín florece con intensidad, desplegando una personalidad intensa,..."
"Al Hamra Eau de Parfum","Bagues",19999,"Árabe",50,"EDP","https://cdn.shopify.com/s/files/1/0621/1944/4614/files/FotoProducto_0021_Al-Hamra_frasco_frente_transparente_montaje.png?v=1765293984","Un perfume cautivante que combina la calidez del coñac con un corazón especiado de canela y roble. Su fondo dulce de vainilla, praliné y almendras acarameladas envuelve los sentidos en una estela irresistible, elegante y adictiva."
"Abu Dabi Eau de Parfum","Bagues",19999,"Árabe",50,"EDP","https://cdn.shopify.com/s/files/1/0621/1944/4614/files/BABUDA50_1_921dab1d-3d83-45cf-b692-4df63bb60054.png?v=1756850777","Una fragancia que evoca la esencia del lujo y la sofisticación, con un carácter imponente y elegante. Abu Dabi te invita a sumergirte en una experiencia olfativa profunda, intensa y majestuosa, inspirada en el arte de la perfumería oriental. Desde el inicio, las notas de azafrán, nuez moscada y lavanda despiertan los sentidos con su energía vibrante. En el corazón, el oud despliega toda su prof..."
"Granada Eau de Parfum","Bagues",17999,"Femenino",50,"EDP","https://cdn.shopify.com/s/files/1/0621/1944/4614/files/fotoproducto-FI-granada.png?v=1770304636","Entre el fuego de las calles andaluzas y el resplandor de la noche, Granada se revela como una fragancia que vibra con pasión. Su salida jugosa  de pitahaya se funde con la peonía rosa y el frangipani envuelta en un fondo cálido de vainilla y patchouli. Una combinación adictiva que estalla en la piel  como una promesa de poder y sensualidad."
"Atenas Intense Eau de Parfum","Bagues",17999,"Femenino",50,"EDP","https://cdn.shopify.com/s/files/1/0621/1944/4614/files/BATNSIF50_1_ae7bfaf9-d03c-47a3-9f93-1d9c4117a459.png?v=1756850860","Para mujeres que pisan fuerte, Atenas Intense Fem es una fragancia oriental que exalta el poder, la sensualidad y la determinación. Su salida es vibrante y luminosa con la frescura chispeante de la mandarina verde, combinada con la suavidad del jazmín de agua y el exotismo de la flor de jengibre, que despiertan todos los sentidos. En el corazón, la cremosidad de la vainilla se fusiona con un in..."
"Miami for Her Eau de Parfum","Bagues",17999,"Femenino",50,"EDP","https://cdn.shopify.com/s/files/1/0621/1944/4614/files/Transparente_0005_Miami-her.png?v=1763050494","Una fragancia audaz y femenina que despierta el deseo y enciende la confianza. Miami for her es un manifiesto de glamour y fuerza, creado para mujeres que saben que la verdadera joya son ellas mismas."
"Ginebra Eau de Parfum","Bagues",17999,"Femenino",50,"EDP","https://cdn.shopify.com/s/files/1/0621/1944/4614/files/BGINEF50_1_683d9eb5-186f-4987-8101-febb75434cdd.png?v=1756851004","Una fragancia que brilla con luz propia. GINEBRA FEM es intensidad, sofisticación y sensualidad en estado puro. Representa a mujeres fuertes, seguras y magnéticas, cuya presencia deja huella. Desde el inicio, la flor de naranjo y el exótico azafrán irrumpen con una frescura vibrante, marcando el tono de una experiencia olfativa inolvidable. El corazón combina la delicadeza del jazmín con el car..."
"Prades Eau de Parfum","Bagues",17999,"Femenino",50,"EDP","https://cdn.shopify.com/s/files/1/0621/1944/4614/files/Foto-Producto-08Ago2025-B_0000_Prades.png?v=1761593433","Un tributo a la feminidad en todas sus formas. La frescura vibrante de la mandarina y la pera abre paso a un bouquet blanco de gardenia, jazmín y flor de azahar. En el fondo, la calidez del cedro, la vainilla y el Haba Tonka deja una estela suave, profunda y memorable"
"Mumbai Eau de Parfum","Bagues",17999,"Femenino",50,"EDP","https://cdn.shopify.com/s/files/1/0621/1944/4614/files/Foto_Producto_08Ago2025_0003_Mumbai.png?v=1756911303","Una fragancia que despierta el deseo de viajar, de explorar lo nuevo y conectar con cada rincón del mundo. Mumbai es un perfume floral y amaderado que rinde homenaje a la autenticidad y la curiosidad de la mujer libre y decidida. Su salida luminosa mezcla la frescura de la bergamota con la delicadeza envolvente de las flores de azahar, evocando el comienzo de un camino lleno de descubrimientos...."
"Charlotte Eau de Parfum","Bagues",17999,"Femenino",50,"EDP","https://cdn.shopify.com/s/files/1/0621/1944/4614/files/BCHTTF50_1_bf447f8f-44c9-4c24-a94d-7d4d33590cbb.png?v=1756850902","Esta fragancia encarna la dualidad de la mujer contemporánea: elegante y misteriosa, dulce y poderosa, sofisticada y atrevida. Su salida cautiva con una fusión inesperada de almendra, café, bergamota y limón, una combinación que despierta los sentidos con un toque vibrante y provocador. Desde el primer instante, este aroma deja una impresión audaz y seductora. El corazón floral de jazmín, nardo..."
"Marsella Eau de Parfum","Bagues",17999,"Femenino",50,"EDP","https://cdn.shopify.com/s/files/1/0621/1944/4614/files/Productos_0011_Marsella.png?v=1756910987","Un golpe de aire fresco y libertad que transforma la noche en escenario de osadía. Embriagante, desenfrenada y enigmática, esta fragancia floral oriental captura el espíritu de las mujeres que se atreven a brillar sin reglas. La dulzura intensa de la miel se fusiona con notas cítricas y la audacia de la naranja amarga, creando una salida vibrante e inolvidable. En su corazón, un bouquet provoca..."
"Amsterdam Femenino Eau de Parfum","Bagues",17999,"Femenino",50,"EDP","https://cdn.shopify.com/s/files/1/0621/1944/4614/files/Productos_0016_Amsterdan.png?v=1756911066","Una fragancia que despierta los sentidos con una mezcla provocadora, sensual y profundamente adictiva. Desde el primer instante, su combinación audaz de almizcle ambreta, palomitas de maíz, vainilla y ylang ylang impacta con una dulzura envolvente y original. En el corazón, la frescura luminosa del nerolí se une con la suavidad jugosa del melocotón y la calidez del sándalo, generando un contras..."
"New York Sexy Eau de Parfum","Bagues",17999,"Femenino",50,"EDP","https://cdn.shopify.com/s/files/1/0621/1944/4614/files/Productos_0010_New_York_Sexy.png?v=1756910811","Una fragancia envolvente y sofisticada, pensada para mujeres que desean destacar con un magnetismo suave pero irresistible. Comienza con una chispa fresca de mandarina y el toque especiado de la pimienta rosa, que anticipan un corazón femenino y encantador donde la gardenia se funde con el dulzor del algodón de azúcar. Su fondo cálido de sándalo y vainilla abraza la piel con una sensualidad per..."
"Verona Eau de Parfum","Bagues",17999,"Femenino",50,"EDP","https://cdn.shopify.com/s/files/1/0621/1944/4614/files/BVEROF50_1_2e038e6c-a4d6-46cd-91bd-6fc826ede1f3.png?v=1756851357","Inspirada en la ciudad más romántica del mundo, Verona es una fragancia dulce y encantadora que evoca la belleza de los primeros amores. Sus notas de salida, con pronia, lichi y fresia, abren con una frescura suave y luminosa, como un paseo por puentes antiguos al atardecer. En el corazón, una delicada fusión de rosa, muguete y magnolia perfuma el aire con una feminidad atemporal y sutilmente c..."
"Brujas Eau de Parfum","Bagues",17999,"Femenino",50,"EDP","https://cdn.shopify.com/s/files/1/0621/1944/4614/files/Productos_0014_Brujas.png?v=1756911044","Un perfume que invita a cruzar el umbral hacia un mundo lleno de hechizos y encantos. Brujas es una fragancia intensa y envolvente que despierta los sentidos con la frescura luminosa de la bergamota, la sensualidad del jazmín y la elegancia atemporal de la tuberosa. Un comienzo etéreo que anticipa un viaje floral lleno de misterio. En su corazón, las fresias, el muguete y la magnolia florecen c..."
"Creta Eau de Parfum","Bagues",17999,"Femenino",50,"EDP","https://cdn.shopify.com/s/files/1/0621/1944/4614/files/FotoProducto-Dic2025_0006_Creta_1.png?v=1767724878","Type: Versace Eros Pour Femme  Un aroma luminoso y sofisticado que combina cítricos vibrantes con flores delicadas y maderas suaves, creando una estela femenina, envolvente y poderosa. Sus notas frescas se funden con un fondo cálido y almizclado, ideal para mujeres que irradian seguridad, sensualidad y magnetismo natural."
"Berlín Eau de Parfum","Bagues",17999,"Femenino",50,"EDP","https://cdn.shopify.com/s/files/1/0621/1944/4614/files/Foto-Producto-08Ago2025-B_0011_Berlin.png?v=1761595340","Aceptá el llamado a desafiar lo conocido y cruzá el umbral hacia un mundo provocador. Berlin es una fragancia intrépida y audaz, que juega con contrastes intensos, fusionando la luz y la oscuridad en una mezcla adictiva. Para mujeres que no se rinden ante lo establecido, que se animan a lo prohibido y viven con intensidad cada experiencia. En su salida, la bergamota se mezcla con la dulzura jug..."
"Sidney Eau de Parfum","Bagues",17999,"Femenino",50,"EDP","https://cdn.shopify.com/s/files/1/0621/1944/4614/files/Foto_Producto_08Ago2025_0001_Sidney.png?v=1756911288","Con su esencia relajada pero cosmopolita, Sidney evoca la libertad de un estilo de vida al aire libre, playas icónicas y una energía vibrante. Esta fragancia captura ese espíritu con una composición fresca, floral y sofisticada, ideal para mujeres que abrazan su autenticidad sin renunciar a la elegancia. Su salida combina la jugosidad de la mandarina con la calidez especiada de la nuez moscada,..."
"Atenas Eau de Parfum","Bagues",17999,"Femenino",50,"EDP","https://cdn.shopify.com/s/files/1/0621/1944/4614/files/0015_Atenas.png?v=1772111119","El poder divino de una mujer que fascina a su paso. Atenas es una fragancia que desata pasiones, inolvidable desde la primera impresión. Su carácter sensual y fresco se manifiesta con una salida vibrante de mandarina verde, jazmín de agua y flor de jengibre, que despiertan la piel y los sentidos con una combinación chispeante y luminosa. Es la fragancia de las que se animan a todo, de las que d..."
"Siena Eau de Parfum","Bagues",17999,"Femenino",50,"EDP","https://cdn.shopify.com/s/files/1/0621/1944/4614/files/Productos_0008_Siena.png?v=1756911074","Siena envuelve la piel con la chispa de la pimienta rosa y la frescura de la grosella negra. Jazmín, rosa y heliotropo florecen en su corazón, mientras la calidez de la vainilla, el cedro y el pachulí evelan su sensualidad. Pasión y encanto eterno en cada gota."
"Manhattan Rosé Eau de Parfum","Bagues",17999,"Femenino",50,"EDP","https://cdn.shopify.com/s/files/1/0621/1944/4614/files/Foto-Producto-08Ago2025-B_0005_Manhatan-Rose.png?v=1761595246","Su espíritu glamoroso te hace brillar con luz propia, tanto de día como de noche. Fresca, chispeante y sofisticada, esta fragancia captura la esencia de la mujer moderna: segura, elegante y siempre en movimiento. La efervescencia del champagne rosado y la intensidad de la pimienta rosa abren el camino hacia un corazón delicado y femenino de flor de melocotón y un bouquet de rosas. En el fondo, ..."
"Reine Eau de Parfum","Bagues",21999,"Femenino",50,"EDP","https://cdn.shopify.com/s/files/1/0621/1944/4614/files/FotoProducto_0005_Reine_2025_frasco_frente_transparente_montaje.png?v=1765889410","Un aroma luminoso que refleja la grandeza de quien se atreve a liderar su propia historia. REINE es la fragancia de las mujeres decididas, empoderadas y valientes, que conquistan con determinación y elegancia. Su salida vibrante combina la dulzura jugosa de la pera con la frescura chispeante de la bergamota, marcando el inicio de una experiencia inolvidable. En el corazón, una fusión exquisita ..."
"Mykonos L'or Eau de Parfum","Bagues",17999,"Femenino",50,"EDP","https://cdn.shopify.com/s/files/1/0621/1944/4614/files/Foto-Producto-08Ago2025-B_0004_Mykonos_Lor_2025_frasco_frente_transparente_montaje_1.png?v=1758636726","Hay aromas que no se olivdan. Como esa mezcla de flores que te abrazó desde siempre."
"New York Heroes Femenino Eau de Parfum","Bagues",17999,"Femenino",50,"EDP","https://cdn.shopify.com/s/files/1/0621/1944/4614/files/NYHeroesFem_2025_1000.png?v=1758634170","Atrevida, determinada y libre, esta fragancia celebra la juventud como un estado del alma. NEW YORK HEROES FEM es una declaración de energía vital, alegría auténtica y feminidad moderna. Su salida chispeante combina limón, mandarina y frambuesa, con un toque cremoso de milk accord que le aporta una calidez inesperada y envolvente. En su corazón floral, el jazmín, el azahar y la peonía despierta..."
"Venecia Eau de Parfum","Bagues",17999,"Femenino",50,"EDP","https://cdn.shopify.com/s/files/1/0621/1944/4614/files/Productos_0005_Venecia.png?v=1756910726","El flechazo de los primeros amores se vive a flor de piel, y esta fragancia también. Venecia celebra la intensidad de los sentimientos, los colores vibrantes y la magia de los momentos que nos marcan para siempre. Ideal para chicas apasionadas que viven con el corazón encendido y que encuentran belleza en cada emoción. Su salida es explosiva y alegre, con una mezcla frutal chispeante de grosell..."
"Milán Eau de Parfum","Bagues",21999,"Femenino",50,"EDP","https://cdn.shopify.com/s/files/1/0621/1944/4614/files/FotoProducto-Dic2025_0004_Milan.png?v=1770735402","Type The Only One by Bagués.   Una fragancia que celebra la elegancia natural y el encanto irresistible de una mujer segura de sí misma. En su salida, la frescura luminosa de la bergamota se fusiona con la suavidad empolvada de la violeta, anticipando un corazón inesperado y seductor donde el aroma profundo del café contrasta delicadamente con la pureza del muguete. El fondo se despliega cálido..."
"Hawai Masculino Eau de Parfum","Bagues",21999,"Femenino",50,"EDP","https://cdn.shopify.com/s/files/1/0621/1944/4614/files/FotoProducto_0010_Hawai_Mas_2025_frasco_frente_transparente_montaje_1.png?v=1765889518","Una oleada indomable de lavanda y menta da inicio a esta fragancia intensa y seductora, en la que el frescor del océano se encuentra con la calidez de la tierra. Hawai masculino es un elixir vibrante que evoca atardeceres ardientes, olas salvajes y una sensualidad que no se puede contener. La salida fresca y revitalizante combina lavanda y menta, marcando el ritmo de una fragancia potente y env..."
"Angers Eau de Parfum","Bagues",17999,"Femenino",50,"EDP","https://cdn.shopify.com/s/files/1/0621/1944/4614/files/Foto-Producto-08Ago2025-B_0017_Angers.png?v=1761595456","Tu encanto puede ser angelical... o todo lo contrario. Esta fragancia enigmática y seductora revela una personalidad compleja y fascinante, atrapando tanto la luz como la sombra. En sus notas de salida, el frescor del tomillo blanco y la mandarina se mezcla con el exotismo del azafrán, dando paso a un corazón floral de muguete y ylang ylang que expresa una femineidad profunda y misteriosa. El f..."
"Praga Eau de Parfum","Bagues",21999,"Femenino",50,"EDP","https://cdn.shopify.com/s/files/1/0621/1944/4614/files/Transparente_0001_Praga.png?v=1763050685","Es una fragancia encantadora y soñadora, que abre con un estallido de frescura gracias a la chispeante combinación de limón de Amalfi y lima, como un primer bocado de una fruta prohibida que invita a descubrir un universo de placer. Desde el primer instante, envuelve con un aura luminosa y vibrante, ideal para mujeres que desean sentirse radiantes, dulces y absolutamente inolvidables. En su cor..."
"Mykonos Eau de Parfum","Bagues",17999,"Femenino",50,"EDP","https://cdn.shopify.com/s/files/1/0621/1944/4614/files/Foto-Producto-08Ago2025-B_0005_Mykonos_2025_frasco_frente_transparente_montaje_1.png?v=1758632905","Hipnótica, fresca y envolvente. Esta fragancia es un homenaje a la sensualidad femenina y a la belleza radiante que seduce sin esfuerzo. Floral y afrutada, revela un juego de contrastes entre dulzura e intensidad. La salida es jugosa y luminosa, con pera, melón, magnolia, durazno, mandarina y bergamota. En el corazón florecen notas de jazmín, muguet, nardos, fresias, rosa, orquídea, ciruela y v..."
"Shangai Eau de Parfum","Bagues",17999,"Femenino",50,"EDP","https://cdn.shopify.com/s/files/1/0621/1944/4614/files/Foto-Producto-08Ago2025-B_0002_Shangai_frasco_frente_transparente_montaje_1.png?v=1758633392","Una celebración vibrante de la feminidad moderna. Shangai es una fragancia que captura el espíritu de una mujer segura de sí misma, espontánea y magnética. La explosión inicial de bergamota, mandarina y mango aporta un frescor jugoso y tropical, que marca el inicio de una experiencia olfativa luminosa y sofisticada. En su corazón, el jazmín aporta sensualidad y elegancia, mientras que el toque ..."
"Queens Eau de Parfum","Bagues",21999,"Femenino",50,"EDP","https://cdn.shopify.com/s/files/1/0621/1944/4614/files/FotoProducto_0006_Queens_2025_frasco_frente_transparente_montaje_1.png?v=1765889376","Queens es una fragancia para mujeres naturalmente encantadoras, espontáneas y seguras de sí mismas. Su apertura es luminosa y fresca, con una combinación inusual de anís, casia y cedrón, que aporta un giro original y vibrante desde el primer instante. El aroma se despliega con estilo y carácter, dejando ver una personalidad elegante, moderna y un tanto impertinente. En su corazón florece una fu..."
"Tokio Flower Elixir Eau de Parfum","Bagues",17999,"Femenino",50,"EDP","https://cdn.shopify.com/s/files/1/0621/1944/4614/files/Tokio-transp.png?v=1772205862","Tokio Flower Elixir, una fragancia que celebra la unión entre lo delicado y lo intenso. Sus notas florales se mezclan con acordes dulces y envolventes, creando un perfume adictivo, moderno y profundamente femenino."
"Positano Eau de Parfum","Bagues",21999,"Femenino",50,"EDP","https://cdn.shopify.com/s/files/1/0621/1944/4614/files/FotoProducto-Dic2025_0003_Positano.png?v=1770734959","El sol radiante de la costa amalfitana y el azul profundo del Mediterráneo inspiran esta fragancia fresca y encantadora. Con su carácter floral y frutal, captura la esencia de un día brillante junto al mar que se transforma en una noche mágica. Abre con una combinación chispeante de limón siciliano, manzana, cedro y campanilla que transmite vitalidad y frescura. El corazón revela un delicado bo..."
"Tokio Flower Eau de Parfum","Bagues",17999,"Femenino",50,"EDP","https://cdn.shopify.com/s/files/1/0621/1944/4614/files/Productos_0007_Tokio_Flower.png?v=1756911083","Una flor nace en el corazón de la ciudad, frágil y poderosa al mismo tiempo. Tokio Flower es una oda a la belleza inesperada, que transforma lo cotidiano en extraordinario. Libre, delicada y luminosa, esta fragancia floral opulenta expresa con elegancia el equilibrio entre sensibilidad y fortaleza. Su salida combina la frescura de la mandarina con la dulzura vibrante de las grosellas y la inten..."
"New York Femenino Eau de Parfum","Bagues",17999,"Femenino",50,"EDP","https://cdn.shopify.com/s/files/1/0621/1944/4614/files/Foto-Producto-08Ago2025-B_0003_New-York.png?v=1761595096","Libre, vibrante y espontánea, New York es una fragancia que captura el pulso inconfundible de una ciudad que nunca se detiene. Su salida fresca, con hojas de cítricos, bergamota, notas verdes y esencias chispeantes, despierta los sentidos y transmite la emoción de caminar por las avenidas de una gran metrópoli con actitud y estilo. Es un homenaje a quienes viven con confianza, curiosidad y gana..."
"Rio Eau de Parfum","Bagues",17999,"Femenino",50,"EDP","https://cdn.shopify.com/s/files/1/0621/1944/4614/files/BRIOUNX50_1_ad8e3bf9-6e47-41d5-a9cc-fa90cb920799.png?v=1756853239","Una fragancia unisex con alma libre, joven y vibrante. RÍO evoca el ritmo de una ciudad que no se detiene, con una apertura chispeante de bergamota, piña, mandarina, cardamomo y papaya que despierta los sentidos con energía y desenfado. Es una invitación a fluir con naturalidad, a vivir sin etiquetas, y a encontrar el equilibrio perfecto entre frescura y autenticidad. Su corazón revela un costa..."
"Capri Eau de Parfum","Bagues",21999,"Femenino",50,"EDP","https://cdn.shopify.com/s/files/1/0621/1944/4614/files/FotoProducto-Dic2025_0007_Capri.png?v=1770735255","Una fragancia que captura la libertad y la frescura de una escapada al Mediterráneo. Su salida vibrante de limón de Amalfi y acordes aromáticos frescos despierta los sentidos como una bocanada de aire marino. En el corazón, la suavidad floral del jazmín y la peonía se entrelaza con el carácter chispeante de la pimienta rosa, creando una combinación luminosa y femenina. El fondo cálido y sensual..."
"París Rosé Eau de Parfum","Bagues",21999,"Femenino",50,"EDP","https://cdn.shopify.com/s/files/1/0621/1944/4614/files/Transparente_0002_Paris.png?v=1763050637","La vida puede ser color de rosa… y esta fragancia lo confirma. Inspirada en los momentos de felicidad cotidiana, París Rosé es una caricia floral que ilumina el alma con optimismo y delicadeza. Un aroma encantador que transforma lo simple en extraordinario, para mujeres que celebran cada instante con una sonrisa y creen que la belleza está en disfrutar lo esencial. En sus notas de salida, la du..."
"París Cristal Eau de Parfum","Bagues",17999,"Femenino",50,"EDP","https://cdn.shopify.com/s/files/1/0621/1944/4614/files/Foto-Producto-08Ago2025-B_0001_Paris.png?v=1761594941","La esencia de un día soleado, donde el cielo brilla y la piel se enciende de alegría. Esta fragancia captura la calidez del verano con una luminosidad envolvente y una frescura sofisticada. Paris Cristal es una invitación a disfrutar del placer del sol en la piel, del viento cálido en el rostro y de los días que parecen infinitos. Diseñada para mujeres que irradian alegría y disfrutan cada inst..."
"Viena Eau de Parfum","Bagues",17999,"Femenino",50,"EDP","https://cdn.shopify.com/s/files/1/0621/1944/4614/files/Vinea.png?v=1774968664","Viena revela una transformación que nace desde lo profundo  y se expresa en cada detalle. Sus notas de salida frescas y luminosas despiertan los sentidos, un corazón floral envolvente acompaña el proceso, y un fondo cálido y sensual deja una huella persistente. Un aroma que acompaña tu evolución y celebra la belleza que nace cuando te animás a transformarte."
"Los Angeles Eau de Parfum","Bagues",21999,"Femenino",50,"EDP","https://cdn.shopify.com/s/files/1/0621/1944/4614/files/FotoProducto-Dic2025_0005_Los-Angeles.png?v=1770734959","Brillá con luz propia con LOS ÁNGELES, una fragancia floral impactante y adictiva. Diseñada para mujeres atrevidas, seguras y carismáticas, que irradian glamour con cada paso. Su salida vibrante de frambuesa, neroli y limón de Amalfi despierta los sentidos con una frescura chispeante y sensual, como el inicio de una alfombra roja. En el corazón, las notas florales de jazmín, flor de naranjo afr..."
"Rio Be Eau de Parfum","Bagues",17999,"Femenino",50,"EDP","https://cdn.shopify.com/s/files/1/0621/1944/4614/files/BRIOBE50_1_4368f659-d087-4253-9165-232803c634ae.png?v=1756851261","Tpye CK Be by Bagués.  Donde la luna acaricia Ipanema, la lavanda y la bergamota despiertan la noche. Un susurro de flores blancas y especias se funde con la calidez del almizcle y el sándalo, en una fragancia pensada para todos, que celebra la libertad, la conexión y la autenticidad. Ligera y a la vez profunda, acompaña cada paso con su estela vibrante y envolvente."
"Mahattan Party Eau de Parfum","Bagues",17999,"Femenino",50,"EDP","https://cdn.shopify.com/s/files/1/0621/1944/4614/files/Foto-Producto-08Ago2025-B_0008_Manhattan_Party_2025_frasco_frente_transparente_montaje_1.png?v=1758633625","Con una energía vibrante y provocadora, MANHATTAN PARTY es la esencia de una noche inolvidable. Diseñada para mujeres que viven intensamente, esta fragancia floral es un verdadero cocktail de audacia y libertad. La salida explosiva de lichi, frambuesa y licor marca el ritmo con una frescura afrutada y festiva que enciende los sentidos desde el primer instante. El corazón revela notas marinas y ..."
"Praga Luna Eau de Parfum","Bagues",21999,"Femenino",50,"EDP","https://cdn.shopify.com/s/files/1/0621/1944/4614/files/FotoProducto-Dic2025_0002_Praga-Luna.png?v=1770734959","Las exploradoras de la vida tienen su fragancia. Deliciosa, risueña y femenina, Praga Luna combina un espíritu luminoso con un toque de misterio. Un perfume tentador, con matices vibrantes e insolentes que invitan a atreverse siempre un poco más. Su salida fresca y chispeante de bayas silvestres, nerolí, mandarina y lima despierta los sentidos. El corazón revela una combinación dulce y envolven..."
"Versalles Eau de Parfum","Bagues",17999,"Femenino",50,"EDP","https://cdn.shopify.com/s/files/1/0621/1944/4614/files/Versalles_1_1916a7d3-4f17-4386-be33-ba35d40a0e31.png?v=1775586624","Una fragancia radiante que captura el encanto de los comienzos inesperados y la magia de lo cotidiano. Versalles es una explosión de frescura chispeante y elegancia floral que celebra la feminidad con una combinación sofisticada, suave y luminosa. Perfecta para mujeres alegres, espontáneas y encantadoras, que embellecen su entorno con su sola presencia. En su salida, se perciben las notas vibra..."
"Torino Eau de Parfum","Bagues",17999,"Masculino",50,"EDP","https://cdn.shopify.com/s/files/1/0621/1944/4614/files/BTORIM50_1_833788f1-6e55-472a-ba07-acfbd6b3c06b.png?v=1756851328","Type: Stronger whit you by Bagués.   Junto al rugir de motores en las calles de Torino, la pimienta rosa y el enebro encienden la largada. Al instante, un impulso intenso acelera el corazón de la lavanda y el tofe hacia la recta final, donde el ámbar y la vainilla celebran, con un cálido abrazo, la victoria en la meta de llegada."
"Esparta Eau de Parfum","Bagues",17999,"Masculino",50,"EDP","https://cdn.shopify.com/s/files/1/0621/1944/4614/files/BSPRTM50_1_ed3f100f-1ee5-4b44-9cd4-139f79871e3e.png?v=1756850984","Sos fuerza, sos presencia, sos conquista. Esparta es una fragancia que encarna la valentía y la seducción del hombre que no conoce límites. Con una salida vibrante de pomelo, mandarina y notas marinas, irrumpe con un frescor intenso que impacta desde el primer instante. Ideal para quienes enfrentan cada día como un nuevo desafío, con confianza y magnetismo natural. En su corazón, la nobleza del..."
"Tokyo Eau de Parfum","Bagues",17999,"Masculino",50,"EDP","https://cdn.shopify.com/s/files/1/0621/1944/4614/files/Productos_0006_Tokio.png?v=1756911096","El equilibrio perfecto entre fuerza y serenidad se hace aroma en esta fragancia inspirada en paisajes lejanos y modernos rituales de libertad. Un perfume masculino que transporta, como un soplo marino que recorre la ciudad y conecta cuerpo y espíritu. Comienza con una salida refrescante de menta, cítricos y cardamomo que despierta los sentidos. Luego, las notas marinas, la salvia y las especias..."
"Arizona Eau de Parfum","Bagues",21999,"Masculino",50,"EDP","https://cdn.shopify.com/s/files/1/0621/1944/4614/files/Foto_Producto_08Ago2025_0012_Arizona.png?v=1756911353","Frescura cruda y pura. Arizona es una fragancia que transmite autenticidad y potencia, inspirada en la inmensidad del desierto y la conexión del hombre con su esencia más salvaje. Su apertura, con bergamota de Calabria y un destello picante de pimienta, despierta una sensación de libertad absoluta, como un soplo de viento seco bajo un cielo azul infinito. El corazón especiado, con pimienta de S..."
"Detroit Eau de Parfum","Bagues",17999,"Masculino",50,"EDP","https://cdn.shopify.com/s/files/1/0621/1944/4614/files/Productos_0013_Detroit.png?v=1756910983","Las reglas están para romperse. Esta fragancia explosiva y rebelde está hecha para hombres obstinados, desobedientes y decididos, que no temen mostrar sus contrastes. Con una impronta magnética, Detroit desafía lo establecido y se convierte en el sello personal de quienes escriben su propio camino con valentía. Su salida intensa combina la frescura vibrante del pomelo con la chispa especiada de..."
"Mónaco Blue Eau de Parfum","Bagues",21999,"Masculino",50,"EDP","https://cdn.shopify.com/s/files/1/0621/1944/4614/files/Transparente_0003_Monaco.png?v=1763050567","En cada gota, la libertad del mar abierto. Esta fragancia captura la frescura revitalizante del océano y la inmensidad del cielo azul, para quienes viven con intensidad, energía y elegancia. Ideal para hombres que buscan un aroma refrescante y estimulante, con un espíritu libre y aventurero. La salida combina melón, pepino, melón aguado y aceite de bergamota, brindando un inicio jugoso y chispe..."
"Esparta Victory Eau de Parfum","Bagues",21999,"Masculino",50,"EDP","https://cdn.shopify.com/s/files/1/0621/1944/4614/files/FotoProducto_0013_Esparta_Victory_2025_frasco_frente_transparente_montaje_1.png?v=1765889227","Una fragancia intensa que celebra la victoria con cada paso. Pensada para hombres determinados que transforman sus metas en hazañas, Esparta Victory transmite poder, magnetismo y una sensualidad irresistible. Su carácter extremo se revela desde el primer instante con una salida vibrante de pimienta rosa y limón, que despierta los sentidos y marca presencia. En el corazón, la profundidad del inc..."
"Lyon Eau de Parfum","Bagues",17999,"Masculino",50,"EDP","https://cdn.shopify.com/s/files/1/0621/1944/4614/files/BLYONM50_1_61956dcb-ad92-49fd-95ae-b95b67fbebef.png?v=1756851083","Este perfume es una declaración de audacia y sofisticación. Comienza con la dulzura fresca y luminosa de la ciruela Mirabel, que despierta los sentidos con su carácter jugoso y envolvente. En el corazón, se abre paso a las castañas tostadas, creando una sensación cálida, sensual y adictiva que deja huella. Finalmente, la composición se sella con un fondo de sándalo cremoso y vetiver profundo, q..."
"Amalfi profondo Eau de Parfum","Bagues",17999,"Masculino",50,"EDP","https://cdn.shopify.com/s/files/1/0621/1944/4614/files/FotoProducto-Dic2025_0010_Amalfi-Prof_1.png?v=1767725053","Type: Acqua di Gio Profondo  Un aroma que captura la frescura profunda del mar y la elegancia de las maderas aromáticas, creando una sensación intensa, limpia y sofisticada. Sus notas acuáticas y cítricas se funden con hierbas nobles y un fondo mineral envolvente, ideal para quienes buscan una fragancia fresca, masculina y atemporal, perfecta para acompañar cada momento del día."
"Bellagio Eau de Parfum","Bagues",17999,"Masculino",50,"EDP","https://cdn.shopify.com/s/files/1/0621/1944/4614/files/Productos_0015_Bellagio.png?v=1756911052","Bellagio refleja la frescura del Lago de Como, con bergamota chispeante y limón vibrante. La flor de olivo aporta elegancia, mientras la calidez del haba tonka y la madera de gaiac envuelven con su sofisticación serena. Un aroma que inspira masculinidad y distinción."
"New York Masculino Eau de Parfum","Bagues",17999,"Masculino",50,"EDP","https://cdn.shopify.com/s/files/1/0621/1944/4614/files/Foto-Producto-08Ago2025-B_0003_New-York_2025_frasco_frente_transparente_montaje_2.png?v=1758633957","La ciudad nunca para y vos tampoco. Esta fragancia fresca, sensual y elegante es una declaración de libertad, diseñada para el hombre dinámico que vibra con el ritmo de lo urbano. Su estilo magnético y moderno acompaña cada paso con confianza. La salida vibrante combina lavanda, bergamota y geranio, brindando un comienzo limpio y energético. El corazón floral de gardenia y jazmín aporta sofisti..."
"Santorini Eau de Parfum","Bagues",21999,"Masculino",50,"EDP","https://cdn.shopify.com/s/files/1/0621/1944/4614/files/FotoProducto_0004_Santorini_2025_frasco_frente_transparente_montaje_2.png?v=1765889454","Un elixir irresistiblemente sexy que mezcla frescura y calidez en un viaje sensorial hacia la intensidad del mar abierto. Esta fragancia seduce desde el primer instante con notas vibrantes de lavanda, menta, cardamomo y bergamota, que despiertan los sentidos como una brisa marina. En el corazón, la dulzura de la canela y el coco se entrelaza con la elegancia del neroli y el exotismo del comino,..."
"New York Heroes Masculino Eau de Parfum","Bagues",17999,"Masculino",50,"EDP","https://cdn.shopify.com/s/files/1/0621/1944/4614/files/Productos_0009_New_York.png?v=1756910799","Una fragancia que celebra la juventud como una actitud, no como una etapa. New York Héroes Masculino es un homenaje a los hombres auténticos, libres y determinados, que no temen destacarse y dejar su huella. Su salida fresca y chispeante combina la jugosidad de la pera con el picor vibrante del jengibre, dando inicio a una experiencia olfativa moderna y estimulante. El corazón revela notas de s..."
"Oxford Eau de Parfum","Bagues",17999,"Masculino",50,"EDP","https://cdn.shopify.com/s/files/1/0621/1944/4614/files/Foto-Producto-08Ago2025-B_0002_Oxford.png?v=1761593748","Una nueva versión de la elegancia masculina. La frescura especiada del cardamomo y la salvia se une a la intensidad del vetiver y la nobleza del narciso. En el fondo, el cedro, el palo santo y la vainilla construyen una estela cálida, sofisticada y con carácter."
"Singapour Eau de Parfum","Bagues",17999,"Masculino",50,"EDP","https://cdn.shopify.com/s/files/1/0621/1944/4614/files/BRHANM50_1_ad7f9af8-27f1-4274-bd32-37a7055f5821.png?v=1756851307","Singapur es una fragancia con espíritu vanguardista y alma provocadora. Su salida electrizante de lavanda y limón de Amalfi despierta los sentidos con una energía luminosa y moderna, rompiendo los esquemas tradicionales de la perfumería masculina. Desde el primer contacto, se siente como una inyección de entusiasmo y confianza, ideal para quienes viven el presente con audacia y buscan destacar ..."
"Amsterdam Masculino Eau de Parfum","Bagues",21999,"Masculino",50,"EDP","https://cdn.shopify.com/s/files/1/0621/1944/4614/files/FotoProducto_0020_Amsterdam_mas_2025_frasco_frente_transparente_montaje_1.png?v=1765888921","Para sentir todo a flor de piel, solo hace falta la sensualidad explosiva de esta fragancia. Subí la intensidad con un aroma fresco, irreverente y ardiente, que es puro instinto. Pensada para quienes se dejan llevar por los impulsos, Amsterdam encarna el poder de la atracción sin filtros, con un espíritu provocador y moderno. Su salida vibrante despierta los sentidos con una fusión chispeante d..."
"Tenerife Eau de Parfum","Bagues",17999,"Masculino",50,"EDP","https://cdn.shopify.com/s/files/1/0621/1944/4614/files/FotoProducto-Dic2025_0000_Tenerife_1.png?v=1770734959","Tenerife es una fragancia de contrastes intensos y armonía perfecta. Una creación magnética que fusiona fuerza y sutileza, atrayendo como un imán. Su salida es vibrante y refrescante con notas de bergamota, limón, mandarina y lavanda, suavizadas por el toque floral de la flor del espino, la manzanilla y la flor del moscadero, mientras el cedro aporta estructura y elegancia desde el inicio. En s..."
"Mónaco Red Eau de Parfum","Bagues",17999,"Masculino",50,"EDP","https://cdn.shopify.com/s/files/1/0621/1944/4614/files/Foto-Producto-08Ago2025-B_0007_Monaco_red_2025_frasco_frente_transparente_montaje_1.png?v=1758633713","Feroz y explosiva, esta fragancia transmite la adrenalina pura de los hombres que viven sin frenos. Diseñada para los que se animan a tomar riesgos y dejar su marca, su aroma es un impulso de energía, seducción y carácter. Comienza con una salida vibrante de arándano, toronja y limón italiano, que despiertan los sentidos con un frescor potente. En el corazón, el azafrán y la salvia aportan prof..."
"Londres Eau de Parfum","Bagues",17999,"Masculino",50,"EDP","https://cdn.shopify.com/s/files/1/0621/1944/4614/files/BLONDM50_1_989a6022-2743-4aa1-918c-7472d8526890.png?v=1756851077","Como la ciudad que la inspira, esta fragancia conjuga lo mejor del estilo clásico con un espíritu moderno y audaz. Londres es una creación amaderada y especiada, que envuelve con elegancia y carácter desde las primeras notas. Su salida combina la frescura de la manzana, ciruela y limón con el toque verde del musgo de roble, la energía de la bergamota y la sutileza del geranio, brindando una ent..."
"York Eau de Parfum","Bagues",17999,"Masculino",50,"EDP","https://cdn.shopify.com/s/files/1/0621/1944/4614/files/York-transp.png?v=1772205877","Una fragancia moderna, vibrante y profunda que combina frescura eléctrica con un fondo amaderado lleno de carácter.  York captura ese instante en el que el impulso se convierte en decisión, y la decisión se transforma en estilo."
"Las Vegas Eau de Parfum","Bagues",17999,"Masculino",50,"EDP","https://cdn.shopify.com/s/files/1/0621/1944/4614/files/Productos_0012_Las_Vegas.png?v=1756910974","Deslumbrante, provocador y con una confianza arrolladora, LAS VEGAS es el aroma de quienes viven a su manera y van siempre por más. Inspirada en el lujo y el exceso de la ciudad que nunca duerme, esta fragancia amaderada captura la esencia del magnetismo masculino con un perfil audaz y dominante. La salida combina el frescor vibrante de toronja, menta y mandarina roja, abriendo paso a un corazó..."
"Brooklyn Eau de Parfum","Bagues",17999,"Masculino",50,"EDP","https://cdn.shopify.com/s/files/1/0621/1944/4614/files/Brooklyn.png?v=1774968664","Brooklyn es actitud.  La impronta de un hombre seguro de sí mismo que se mueve con naturalidad entre lo urbano y lo sofisticado. Sus notas frutales y amaderadas equilibran frescura, elegancia e intensidad. Es la fragancia de quienes saben que el verdadero poder está en ser auténticos."
"Miami Masculino Eau de Parfum","Bagues",17999,"Masculino",50,"EDP","https://cdn.shopify.com/s/files/1/0621/1944/4614/files/Transparente_0004_Miami.png?v=1763050517","Una fragancia pensada para quienes viven cada momento con ambición y magnetismo. Miami es lujo, conquista y energía urbana condensados en un aroma que no pasa desapercibido."
"Manhattan Black Eau de Parfum","Bagues",21999,"Masculino",50,"EDP","https://cdn.shopify.com/s/files/1/0621/1944/4614/files/FotoProducto_0008_Manhattan_Black_2025_frasco_frente_montaje_2.png?v=1768312609","Una fragancia elegante que resalta tu naturaleza seductora. En MANHATTAN BLACK, lo feroz y lo delicado conviven en equilibrio perfecto. La salida intensa de ajenjo, anís e hinojo despierta una energía magnética desde el primer instante. Su corazón de lavanda aporta frescura y sofisticación, mientras que el fondo de vainilla negra y almizcle envuelve la piel en una estela profunda, misteriosa y ..."
"Munich Eau de Parfum","Bagues",17999,"Masculino",50,"EDP","https://cdn.shopify.com/s/files/1/0621/1944/4614/files/Foto-Producto-08Ago2025-B_0006_Munich_2025_frasco_frente_transparente_montaje_1.png?v=1758633794","Una brisa fresca atraviesa la ciudad y despierta los sentidos. Munich es una fragancia que invita a reconectar con lo esencial: la naturaleza, la calma interior y la fuerza que nace del equilibrio. Su salida combina la dulzura de la manzana con la calidez especiada de la canela y la salvia, sumadas al toque cítrico de la mandarina, que le aporta energía y dinamismo desde el primer instante. El ..."
"Amalfi Eau de Parfum","Bagues",21999,"Masculino",50,"EDP","https://cdn.shopify.com/s/files/1/0621/1944/4614/files/FotoProducto-Dic2025_0011_Amalfi.png?v=1770734959","Una fragancia masculina que captura la esencia del Mediterráneo. Amalfi se abre con una ola chispeante de cítricos frescos como lima, limón, bergamota, mandarina y neroli, combinados con la pureza del jazmín y la dulzura de la naranja. Esta salida vibrante y enérgica evoca la frescura del mar y la libertad de una brisa marina, ideal para hombres seductores, espontáneos y auténticos. Su corazón ..."
"Bucarest Eau de Parfum","Bagues",17999,"Masculino",50,"EDP","https://cdn.shopify.com/s/files/1/0621/1944/4614/files/Foto-Producto-08Ago2025-B_0011_Bucarest_2025_frasco_frente_transparente_montaje.png?v=1768312647","Un aroma que rompe con lo convencional. Radical, fresco y provocador, esta fragancia es pura osadía desde sus notas de salida: limón vibrante y salvia aromática que despiertan los sentidos y anuncian un viaje intenso. En su corazón, una combinación adictiva de praliné, canela, bálsamo de Tolú y cardamomo negro desata una dualidad entre lo dulce y lo especiado, lo sensual y lo salvaje. El fondo ..."