nombre,marca,precio_venta,genero,volumen_ml,concentracion,familia_olfativa,imagen_url,descripcion_corta
"22 HROS FEM","Unlock",29999,"Femenino",80,"EDP","Floral","https://cdn.shopify.com/s/files/1/0665/4456/6445/files/2_2_h_ro_s_fem_80ml_dfdeefbd-a661-4dfe-ad30-96d48cb34d7f.webp","Juventud en Estado Puro  Un perfume que celebra la juventud y la energía con una combinación de frutas exóticas y flores chispeantes. Las notas de salida de mandarina y frambuesa aportan dulzura, mientras que el corazón floral de jazmín y peonía le da una dimensión romántica. Ideal para mujeres jóvenes y dinámicas, perfecto para el día a día o eventos casuales.  Familia Olfativa: Floral-Frutal ..."
"SCNDL FEM","Unlock",25499,"Femenino",100,"EDP","Floral","https://cdn.shopify.com/s/files/1/0665/4456/6445/files/sc_nd_l_fem_100ml_95f42b4b-352f-4373-9824-e2a0dc8c2237.webp","Rebelde y Seductor  Este perfume es un manifiesto de confianza y provocación. Con notas de salida de mandarina y miel, su corazón de jazmín y flor de naranjo despierta los sentidos. La base de benjuí y pachulí añade un toque misterioso. Perfecto para las noches en la ciudad o cualquier ocasión donde quieras brillar.  Familia Olfativa: Oriental-Floral  Salida: Miel, Naranja Amarga, Cítricos Cora..."
"OLMPA","Unlock",22999,"Femenino",80,"EDP","Oriental","https://cdn.shopify.com/s/files/1/0665/4456/6445/files/ol_mp_a_80ml_57fceea5-74be-4420-b1eb-274aaeb277e5.webp","La Divina Femeninidad  Un perfume que encarna la fuerza y la elegancia. Con notas de salida de mandarina y jengibre, su corazón floral de jazmín y vainilla se complementa con una base de amber. Ideal para mujeres que buscan un aroma atractivo y seductor, perfecto para citas o eventos especiales.  Familia Olfativa: Floriental  Salida: Mandarina Verde, Jazmín de Agua, Flor de Jengibre Corazón: Va..."
"IDLE","Unlock",25999,"Femenino",75,"EDP","Floral","https://cdn.shopify.com/s/files/1/0665/4456/6445/files/id_le_75ml_-_2_3699e8c7-d536-43e7-b313-3aa3aa249684.webp","Empoderamiento Femenino  Un perfume que celebra el empoderamiento femenino con una combinación de flores blancas y almizcle. La rosa y el jazmín crean un corazón floral embriagador, mientras que las notas cítricas de salida añaden frescura. Ideal para mujeres que buscan una fragancia moderna y luminosa, perfecta para el día y eventos casuales.  Familia Olfativa: Floral-Chypré  Salida: Pera, Ber..."
"PUR S FEM","Unlock",25999,"Femenino",90,"EDP","Oriental","https://cdn.shopify.com/s/files/1/0665/4456/6445/files/pur___s_fem_90ml_-_3_14e8deb2-9d2f-46f3-84cc-58618650ffc7.webp","La Seducción en un Frasco  Esta fragancia es un viaje a la feminidad y la tentación. Con notas de salida de flor de azahar y mandarina, su corazón floral de jengibre y jazmín se complementa con una base dulce de vainilla y almizcle. Ideal para mujeres que buscan un aroma cautivador y envolvente, perfecto para noches de fiesta o citas románticas.  Familia Olfativa: Oriental  Salida: Almizcle Amb..."
"22 VP PRTY","Unlock",25999,"Femenino",80,"EDP","Floral","https://cdn.shopify.com/s/files/1/0665/4456/6445/files/2_2v_pp_rty80ml-2.png","Celebración de la Vida Nocturna  Este perfume frutal y festivo es una celebración de la vida nocturna. Las notas de salida de ron y maracuyá ofrecen un toque exótico, mientras que el corazón floral de gardenia le añade un carácter elegante. Ideal para mujeres que buscan un perfume audaz y divertido, perfecto para Noches de fiesta o eventos especiales. 212 VIP Rosé  Familia Olfativa: Floral  Sal..."
"RBNNE FME","Unlock",22799,"Femenino",80,"EDP","","https://cdn.shopify.com/s/files/1/0665/4456/6445/files/r_b_nne_f_me_80ml_-_2_3a98d756-598b-443c-ade2-ca16aaa22a32.webp","Sensualidad y Elegancia  Este perfume es una mezcla perfecta de flores y especias. Con notas de salida de flor de azahar y frutas rojas, su corazón de rosa y lirio se complementa con una base de almizcle y madera de sándalo. Ideal para mujeres que buscan un aroma sofisticado y seductor, perfecto para eventos formales.  Familia Olfativa: Floral-Frutal  Salida: Bergamota, Mandarina, Mango Corazón..."
"HALLOWN FEM","Unlock",27499,"Femenino",90,"EDP","Floral","https://cdn.shopify.com/s/files/1/0665/4456/6445/files/hallow_n_fem_90ml_-_3_b9aa6238-eaef-4366-9df9-ffc1ad5078d1.webp","Misterio y Encanto  Este perfume seductor y intrigante combina notas de frutas y flores para crear un aura de misterio. Con un corazón floral de jazmín y lirio, y una base cálida de madera de sándalo y almizcle. Ideal para ocasiones especiales y noches de fiesta, es perfecto para mujeres que buscan algo único.  Familia Olfativa: Floral  Salida: Bergamota, Jazmín, Tuberosa Corazón: Fresias, Mugu..."
"SCNDL FEM MINI","Unlock",16999,"Femenino",25,"EDP","Floral","https://cdn.shopify.com/s/files/1/0665/4456/6445/files/sc_nd_l_fem_100ml_95f42b4b-352f-4373-9824-e2a0dc8c2237.webp","Rebelde y Seductor  Este perfume es un manifiesto de confianza y provocación. Con notas de salida de mandarina y miel, su corazón de jazmín y flor de naranjo despierta los sentidos. La base de benjuí y pachulí añade un toque misterioso. Perfecto para las noches en la ciudad o cualquier ocasión donde quieras brillar.  Familia Olfativa: Oriental-Floral  Salida: Miel, Naranja Amarga, Cítricos Cora..."
"DVNE","Unlock",31199,"Femenino",100,"EDP","Floral","https://cdn.shopify.com/s/files/1/0665/4456/6445/files/UNLOCKDivine.png","Es la fragancia de una diva audaz, glamorosa y radiante. Es  un perfume dulce y floral, diseñado para la mujer que busca  destacar con elegancia y brillo en las noches más especiales  de otoño e invierno. Perfecta para citas románticas o fiestas  exclusivas, es el complemento ideal para quienes desean dejar  una impresión imborrable.  Familia Olfativa: Oriental-Floral SALIDA: Calipsone, Bergamo..."
"ARMNI MY WY","Unlock",31999,"Femenino",90,"EDP","Floral","https://cdn.shopify.com/s/files/1/0665/4456/6445/files/04.png","Un perfume que celebra el  empoderamiento femenino con una combinación de flores blancas y almizcle. La rosa y el jazmín crean un corazón floral embriagador, mientras que las notas cítricas de salida añaden frescura. Ideal para mujeres que buscan una fragancia moderna y luminosa, perfecta para el día y eventos casuales.   FAMILIA OLFATIVA: Floral-Chypré   SALIDA: Pera, Bergamota CORAZÓN: Rosa D..."
"22 VP RSE","Unlock",25999,"Femenino",80,"EDP","Floral","https://cdn.shopify.com/s/files/1/0665/4456/6445/files/2_2_v_p_r_se_80ml_3a02a55c-4112-489c-bf83-a592f6a399e4.webp","Sophistiqué et Événementiel  Un perfume sofisticado y efervescente que abre con notas de champán y flor de melocotón. El corazón floral de rosa aporta feminidad y elegancia, mientras que la base amaderada de ámbar y almizcle añade una profundidad seductora. Perfecto para mujeres que buscan brillar en eventos nocturnos o celebraciones exclusivas.  Familia Olfativa: Floral  Salida: Champagne Rosa..."
"HRRRA FR WOMEN","Unlock",28999,"Femenino",95,"EDP","Floral","https://cdn.shopify.com/s/files/1/0665/4456/6445/files/Herrerafem.png","Una fragancia distinguida y sofisticada, símbolo de elegancia y refinamiento donde el día y la noche son testigos de su estilo único e incomparable. Un clásico atemporal y un accesorio  invisible que completa el look de una mujer inolvidable.     Familia Olfativa: Oriental-Floral SALIDA: Chabacano, Flor de azahar del naranjo, Notas verdes, Palo de rosa de Brasil Bergamota CORAZÓN: Jazmín, Jazmí..."
"GD GRL VRY","Unlock",32999,"Femenino",90,"EDP","Floral","https://cdn.shopify.com/s/files/1/0665/4456/6445/files/UNLOCKGoodGirlVery.png","Es una fragancia que te transporta a un paraíso tropical bajo el sol radiante, donde la frescura del mar se mezcla con la dulzura de las frutas exóticas. Captura la esencia de la mujer moderna, audaz y llena de vida, que sabe cómo brillar en cualquier momento del día o de la noche. Con un espíritu alegre y sexy, es la elección perfecta para quienes buscan una fragancia que combine la ligereza d..."
"ANG U DMN","Unlock",26999,"Femenino",100,"EDP","Floral","https://cdn.shopify.com/s/files/1/0665/4456/6445/files/22.png","Es una fragancia que encarna la dualidad de la mujer: angelical y misteriosa, cálida y fría, dulce y  seductora. Avainillado y envolvente marca un estilo de vida sofisticado y audaz que invita descubrir cada faceta de tu personalidad.  FAMILIA OLFATIVA: Oriental-Floral  SALIDA: Azafrán, Tomillo y Mandarina CORAZÓN: Azucena, Ylang-ylang y Orquídea FONDO: Vainilla, Haba tonka, Palo de rosa de Bra..."
"GD GRL MINI","Unlock",16999,"Femenino",30,"EDP","Floral","https://cdn.shopify.com/s/files/1/0665/4456/6445/files/g_d_g_rl_90ml_c3f71fc7-7613-4528-ae4a-a39963093df9.webp","El Doble Rostro de la Feminidad  Esta fragancia es una mezcla seductora de florales y orientales. Con notas de salida de mandarina y almendra, su corazón floral de jazmín y tuberosa se combina con una base de cacao y madera de sándalo. Ideal para mujeres que buscan un aroma intenso y cautivador, perfecto para noches especiales y citas.  Familia Olfativa: Floral-Oriental-Gourmand  Salida: Almend..."
"J´ADRE","Unlock",23999,"Femenino",100,"EDP","Floral","https://cdn.shopify.com/s/files/1/0665/4456/6445/files/j_ad_re_100ml_-_3_36cfdf33-6441-40a9-82a2-6792e7973245.webp","Elegancia Atemporal  Esta fragancia es una oda a la feminidad y la elegancia. Con un bouquet floral lujoso de jazmín, rosa y ylang-ylang, su apertura es fresca y seductora, mientras que la base de almizcle y notas amaderadas aporta una profundidad suave y envolvente. Ideal para mujeres sofisticadas, este aroma es perfecto para ocasiones especiales o eventos formales.  Familia Olfativa: Floral-F..."
"KNZO AMR","Unlock",29999,"Femenino",75,"EDP","Oriental","https://cdn.shopify.com/s/files/1/0665/4456/6445/files/14.png","Es una fragancia dulce y ambarada que irradia pasión y ternura en un símbolo aromático del amor en todas sus facetas. Ideal para enamorar en una cita romántica en una noche de otoño o invierno.   FAMILIA OLFATIVA: Oriental  SALIDA: Arroz y Té Blanco CORAZÓN: Frangipani, Flor del cerezo y Heliotropo FONDO: Vainilla, Almizcle, Incienso y Madera de thanaka."
"BLCK OPM","Unlock",31999,"Femenino",100,"EDP","Oriental","https://cdn.shopify.com/s/files/1/0665/4456/6445/files/17.png","Es una fragancia adictiva y cautivadora, que resalta la audacia, la seducción y la pasión sin distinguir edades. Perfecta para noches de fiesta o citas románticas, es el complemento ideal para quienes desean destacar con estilo.     FAMILIA OLFATIVA: Oriental  SALIDA: Pera, Pimienta rosa y Flor de azahar del naranjo CORAZÓN: Café, Jazmín, Almendra, amarga y Regaliz FONDO: Vainilla, Pachulí, Mad..."
"OLMPA  MINI","Unlock",16999,"Femenino",100,"EDP","Oriental","https://cdn.shopify.com/s/files/1/0665/4456/6445/files/BaccaratRougeMini_14c72601-4e2d-4a5b-8450-d5e47f532e2c.png","Un perfume que encarna la fuerza y la elegancia. Con notas de salida de mandarina y jengibre, su corazón floral de jazmín y vainilla se complementa con una base de amber. Ideal para mujeres que buscan un aroma atractivo y seductor, perfecto para citas o eventos especiales.  Familia Olfativa: Floriental  Salida: Mandarina Verde, Jazmín de Agua, Flor de Jengibre Corazón: Vainilla, Notas Saladas F..."
"BLCK OPM MINI","Unlock",16999,"Femenino",25,"EDP","","https://cdn.shopify.com/s/files/1/0665/4456/6445/files/17_5cb0e23f-bdd1-4f5b-a5ff-866ddb5bb509.png","Es una fragancia adictiva y cautivadora, que resalta la audacia, la seducción y la pasión sin distinguir edades. Perfecta para noches de fiesta o citas románticas, es el complemento ideal para quienes desean destacar con estilo.  FAMILIA OLFATIVA: Oriental  SALIDA: Pera, Pimienta rosa y Flor de azahar del naranjo CORAZÓN: Café, Jazmín, Almendra, amarga y Regaliz FONDO: Vainilla, Pachulí, Madera..."
"UNLOCK ANG U DMN MINI","Unlock",16999,"Femenino",30,"EDP","","https://cdn.shopify.com/s/files/1/0665/4456/6445/files/UNLOCK_PRODUCTOS-149.jpg","Una fragancia que encarna la dualidad de la mujer: angelical y misteriosa, cálida y fría, dulce y seductora. Avainillado y envolvente. Marca un estilo de vida sofisticado y audaz que invita descubrir cada faceta de tu personalidad.  Familia olfativa:  Oriental - Floral  Salida: Azafrán, Tomillo y Mandarina  Corazón: Azucena, Ylang-ylang y Orquídea  Fondo: Vainilla, Haba tonka, Palo de rosa de B..."
"SCNDL INTNSE FEM","Unlock",31999,"Femenino",80,"EDP","Floral","https://cdn.shopify.com/s/files/1/0665/4456/6445/files/12.png","Es una fragancia audaz, sensual y provocativa para quienes buscan vivir cada momento intensamente. Ideal para una cita de noche o una fiesta donde busques dejar tu sello de seducción a cada paso.   FAMILIA OLFATIVA: Oriental - Floral  SALIDA: Ylang-ylang CORAZÓN: Vainilla FONDO: Cardamomo"
"KNZO FLWR","Unlock",25999,"Femenino",55,"EDP","Floral","https://cdn.shopify.com/s/files/1/0665/4456/6445/files/05.png","Esta fragancia es la esencia de la feminidad en su forma más pura y alegre. Es un perfume dulce y cálido, diseñado para la mujer que irradia positividad y encanto en cada momento. Perfecta para ser usada todo el año y es tan versátil que puede acompañarte desde un día soleado hasta una noche especial.  FAMILIA OLFATIVA: Oriental-Floral  SALIDA: Rosa de Bulgaria, Flor del espino, Grosellas negra..."
"ARMNI S","Unlock",31999,"Femenino",100,"EDP","Floral","https://cdn.shopify.com/s/files/1/0665/4456/6445/files/06.png","Es una fragancia que celebra la esencia de la mujer moderna: empoderada, fresca y profundamente enamorada de la vida. Trasciende edades y acompaña en cada momento, ya sea bajo la luz del día o en la mágica noche. Perfecto para ser usado todo el año, es el complemento ideal para quienes buscan una fragancia versátil y llena de significado.  FAMILIA OLFATIVA: Chipres-Frutal    SALIDA: Casis CORAZ..."
"SUVGE","Unlock",25499,"Masculino",100,"EDP","Fougère","https://cdn.shopify.com/s/files/1/0665/4456/6445/files/s_uv_ge_100ml_-_2_53495742-f2dc-4cbe-81b1-64af8e35b0ad.webp","Para el Hombre Moderno  Este perfume es una explosión de frescura y masculinidad. Las notas de salida de bergamota y pimienta se combinan con un corazón de lavanda y salvia, mientras que la base amaderada ofrece un acabado elegante. Ideal para hombres que buscan un aroma audaz y contemporáneo, perfecto para el día a día.  Familia Olfativa: Fougere  Salida: Bergamota de Calabria, Pimienta Corazó..."
"INVTUS","Unlock",22799,"Masculino",100,"EDP","","https://cdn.shopify.com/s/files/1/0665/4456/6445/files/inv_tus_100ml_c3a6ac1a-2771-45f6-87ee-8207c0716754.webp","Victoria y Fuerza  Este perfume es una celebración de la fuerza masculina. Con notas de salida de pomelo y mandarina, su corazón de jazmín y bayas de enebro se complementa con una base amaderada. Ideal para hombres que buscan un aroma potente y viril, perfecto para citas o eventos nocturnos.  Familia Olfativa: Amaderada-Acuática  Salida: Pomelo, Notas Marinas, Mandarina Corazón: Laurel, Jazmín ..."
"RBNNE PHNTOM","Unlock",11157.02,"Masculino",100,"EDP","","https://cdn.shopify.com/s/files/1/0665/4456/6445/files/Phantom.jpg","Futurista y Sensual  Una fragancia futurista que combina frescura y sensualidad. La apertura con notas de limón y lavanda ofrece una energía vibrante, mientras que el vetiver y el pachulí añaden un toque terroso. Ideal para hombres audaces y con estilo, este perfume es perfecto tanto para el día como para la Noche, destacando por su carácter innovador.  Familia Olfativa: Amaderada-Aromática  Sa..."
"BD BY","Unlock",26499,"Masculino",100,"EDP","Oriental","https://cdn.shopify.com/s/files/1/0665/4456/6445/files/b_d_b_y_100ml_5ff1600f-ce05-4e72-b50f-599cccd2fb0c.webp","Para el Hombre Atrevido  Este perfume es un homenaje a la masculinidad moderna. Con notas de salida de pimienta negra y bergamota, su corazón de salvia y cacao se combina con una base de madera de sándalo. Ideal para noches intensas.  Familia Olfativa: Amaderada-Aromática  Salida: Pomelo, Pimienta Blanca Corazón: Vetiver, Salvia Esclarea Fondo: Haba Tonka, Cacao."
"22 HROS HOM","Unlock",28999,"Masculino",80,"EDP","Fougère","https://cdn.shopify.com/s/files/1/0665/4456/6445/files/2_2_h_ro_s_hom_80ml_815332a2-d2f2-470f-8c66-a02b8775220c.webp","Espíritu Rebelde  Un perfume inspirado en el espíritu rebelde y la autenticidad. Las notas de salida de jengibre y pomelo ofrecen frescura, mientras que el corazón de lavanda y salvia aportan una profundidad aromática masculina. Ideal para hombres dinámicos y atrevidos, perfecto para el día o eventos casuales. Su energía resalta en cualquier ocasión, dejando una estela inolvidable.  Familia Olf..."
"ON MLLON","Unlock",23999,"Masculino",100,"EDP","","https://cdn.shopify.com/s/files/1/0665/4456/6445/files/on__m_ll_on_100ml_06ff846f-aca6-447f-ae18-3a819f3b5a8d.webp","El Oro de la Fragancia  Un perfume que representa el lujo y la riqueza. Con notas de salida de pomelo y madera de rosa, su corazón floral de jazmín se complementa con una base cálida de madera de sándalo y ámbar. Ideal para hombres que buscan un aroma llamativo y elegante, perfecto para eventos formales.  Familia Olfativa: Amaderada  Salida: Toronja, Menta, Mandarina Roja Corazón: Rosa, Canela,..."
"BLCK S","Unlock",21999,"Masculino",75,"EDP","Oriental","https://cdn.shopify.com/s/files/1/0665/4456/6445/files/bl_ck__s_75ml_a242cf0e-55b2-4857-aa19-9f6d78a58d43.webp","Rebelde y Apasionado  Un perfume que captura la esencia de la juventud y la rebelión. Con notas de salida de limón y pimienta, su corazón de madera de rosa y jazmín se combina con una base amaderada. Ideal para hombres jóvenes y atrevidos, perfecto para noches de fiesta o eventos informales.  Familia Olfativa: Oriental-Amaderada  Salida: Limón, Salvia Corazón: Praliné, Canela, Bálsamo de Tolú, ..."
"PL BLE","Unlock",16999,"Masculino",25,"EDP","Floral","https://cdn.shopify.com/s/files/1/0665/4456/6445/files/POLO_BLUE2048.png","Refrescante y Masculino  Una fragancia que evoca la frescura del océano y la aventura al aire libre. Con notas de salida de melón y mandarina, su corazón de jazmín y salvia añade un toque herbáceo. Ideal para hombres activos y dínamicos, perfecto para el día y eventos casuales.  Familia Olfativa: Fougere-Aromático  Salida: Melón, Pepino, Melón Aguado, Aceite de bergamota Corazón: Nota Acuática,..."
"22 HROS HOM MINI","Unlock",16999,"Masculino",20,"EDP","Fougère","https://cdn.shopify.com/s/files/1/0665/4456/6445/files/2_2_h_ro_s_hom_80ml_815332a2-d2f2-470f-8c66-a02b8775220c.webp","Espíritu Rebelde  Un perfume inspirado en el espíritu rebelde y la autenticidad. Las notas de salida de jengibre y pomelo ofrecen frescura, mientras que el corazón de lavanda y salvia aportan una profundidad aromática masculina. Ideal para hombres dinámicos y atrevidos, perfecto para el día o eventos casuales. Su energía resalta en cualquier ocasión, dejando una estela inolvidable.  Familia Olf..."
"PUR S HOM","Unlock",25499,"Masculino",95,"EDP","Oriental","https://cdn.shopify.com/s/files/1/0665/4456/6445/files/pur___s_hom_95ml_aa3cdae2-2470-4a47-876d-796f54576e1d.webp","El Deseo Masculino  Este perfume captura la esencia de la sensualidad masculina. Las notas de salida de jengibre y limón se combinan con un corazón de manzana y flor de azahar, mientras que la base de almizcle y madera de sándalo añade profundidad. Ideal para hombres que buscan un aroma audaz y seductor, perfecto para eventos nocturnos o celebraciones.  Familia Olfativa: Oriental-Aromática  Sal..."
"INVTUS MINI","Unlock",16999,"Masculino",25,"EDP","","https://cdn.shopify.com/s/files/1/0665/4456/6445/files/inv_tus_100ml_c3a6ac1a-2771-45f6-87ee-8207c0716754.webp","Victoria y Fuerza  Este perfume es una celebración de la fuerza masculina. Con notas de salida de pomelo y mandarina, su corazón de jazmín y bayas de enebro se complementa con una base amaderada. Ideal para hombres que buscan un aroma potente y viril, perfecto para citas o eventos nocturnos.  Familia Olfativa: Amaderada-Acuática  Salida: Pomelo, Notas Marinas, Mandarina Corazón: Laurel, Jazmín ..."
"PL RD","Unlock",22499,"Masculino",100,"EDP","","https://cdn.shopify.com/s/files/1/0665/4456/6445/files/p_l__r_d_100ml_adcd260d-21bc-4dc7-bd60-078c881ec1ca.webp","Intenso y Apasionado  Este perfume es un homenaje a la audacia masculina. Con notas de salida de grano de café y frutos rojos, su corazón de jengibre y salvia aporta una energía vibrante. La base de almizcle y madera refuerza su carácter audaz. Ideal para hombres que buscan destacar en cualquier ocasión, tanto para el día como la noche.  Familia Olfativa: Amaderada-Oriental  Salida: Arándano, T..."
"RBNNE PHNTOM BLCK","Unlock",28999,"Masculino",100,"EDP","Aromática","https://cdn.shopify.com/s/files/1/0665/4456/6445/files/15_9e5e2ce1-ba35-4dc4-a4af-6f5431d90102.png","Desafía los límites de la perfumería tradicional. Diseñado para el hombre contemporáneo que busca destacar en la noche más vibrante. Es un elixir audaz y futurista que combina contrastes sorprendentes, creando una experiencia olfativa tan disruptiva como inolvidable. Es una fragancia que no solo se lleva, sino que se vive.  FAMILIA OLFATIVA: Aromática  SALIDA: Cardamomo, Bergamota, Ruibarbo y L..."
"TM FRD OD WD","Unlock",27499,"Masculino",90,"EDP","Aromática","https://cdn.shopify.com/s/files/1/0665/4456/6445/files/20.png","Fragancia que encarna la esencia  de la sofisticación y el lujo atemporal. Es un perfume clásico y elegante, diseñado para el hombre que busca destacar con estilo. Perfecto para las noches frías de otoño  e invierno, es el complemento ideal para ocasiones especiales como citas románticas o fiestas exclusivas. Es el complemento perfecto para looks refinados y  actitudes sofisticadas.   FAMILIA O..."
"SCNDL HOM","Unlock",31199,"Masculino",100,"EDP","Oriental","https://cdn.shopify.com/s/files/1/0665/4456/6445/files/18.png","Es una fragancia que desafía las convenciones para el hombre joven que no teme romper las reglas y dejar su marca en el mundo. Atrevida y disruptiva combina la intensidad de lo dulce con la audacia de lo inesperado, perfecto para las noches más vibrantes de otoño e invierno. Un aliado para seducir a tu cita o atraer las miradas en una noche de fiesta donde tu estilo y confianza deslumbran a tod..."
"HRRRA FR MEN","Unlock",28499,"Masculino",100,"EDP","","https://cdn.shopify.com/s/files/1/0665/4456/6445/files/Herreramen.png","Desafía los límites de la perfumería tradicional. Diseñado para el hombre contemporáneo que busca destacar en la noche más vibrante. Un elixir audaz y futurista que combina contrastes sorprendentes, creando una experiencia olfativa tan disruptiva como  inolvidable. Una fragancia que no solo se lleva, sino que se vive.  FAMILIA OLFATIVA: Amaderada-Floral SALIDA: Limón (lima ácida), Lavanda, Rome..."
"ON MLLON MINI","Unlock",16999,"Masculino",20,"EDP","","https://cdn.shopify.com/s/files/1/0665/4456/6445/files/on__m_ll_on_100ml_06ff846f-aca6-447f-ae18-3a819f3b5a8d.webp","El Oro de la Fragancia  Un perfume que representa el lujo y la riqueza. Con notas de salida de pomelo y madera de rosa, su corazón floral de jazmín se complementa con una base cálida de madera de sándalo y ámbar. Ideal para hombres que buscan un aroma llamativo y elegante, perfecto para eventos formales.  Familia Olfativa: Amaderada  Salida: Toronja, Menta, Mandarina Roja Corazón: Rosa, Canela,..."
"INVTUS VCTRY","Unlock",31199,"Masculino",100,"EDP","Oriental","https://cdn.shopify.com/s/files/1/0665/4456/6445/files/UNLOCKInvictusVictory.png","Es una fragancia con un aroma que combina frescura, dulzura y calidez en perfecto equilibrio para un hombre con un espíritu potente y triunfante, una elección perfecta para quien busca vivir con pasión superando sus límites y transmitir que la verdadera victoria está en no  rendirse jamás.  FAMILIA OLFATIVA: Oriental SALIDA: Pimienta rosa y Limón CORAZÓN: Incienso de olíbano y Lavanda FONDO: Va..."
"YVS SNT LURNT HOM","Unlock",24499,"Masculino",95,"EDP","","https://cdn.shopify.com/s/files/1/0665/4456/6445/files/UNLOCKYvesSaintLaurent_5a82c7e0-36bd-419a-805f-a5475cb139c7.png","Es una fragancia que evoca el espíritu libre y audaz de la juventud. Es una  declaración de estilo y alegría, fresco y vibrante para quienes buscan vivir cada momento con intensidad y  diversión. Perfecto para los días soleados de primavera y verano, es el compañero ideal para momentos informales y relajados.   FAMILIA OLFATIVA: Amaderada-Aromática Salida: Aldehídos, Bergamota, Jengibre, Menta ..."
"SUVGE MINI","Unlock",16999,"Masculino",25,"EDP","Fougère","https://cdn.shopify.com/s/files/1/0665/4456/6445/files/s_uv_ge_100ml_-_2_53495742-f2dc-4cbe-81b1-64af8e35b0ad.webp","Para el Hombre Moderno  Este perfume es una explosión de frescura y masculinidad. Las notas de salida de bergamota y pimienta se combinan con un corazón de lavanda y salvia, mientras que la base amaderada ofrece un acabado elegante. Ideal para hombres que buscan un aroma audaz y contemporáneo, perfecto para el día a día.  Familia Olfativa: Fougere  Salida: Bergamota de Calabria, Pimienta Corazó..."
"SCNDL HOM MINI","Unlock",16999,"Masculino",20,"EDP","Oriental","https://cdn.shopify.com/s/files/1/0665/4456/6445/files/18.png","Es una fragancia que desafía las convenciones para el hombre joven que no teme romper las reglas y dejar su marca en el mundo. Atrevida y disruptiva combina la intensidad de lo dulce con la audacia de lo inesperado, perfecto para las noches más vibrantes de otoño e invierno. Un aliado para seducir a tu cita o atraer las miradas en una noche de fiesta donde tu estilo y confianza deslumbran a tod..."
"VRSCE ERS","Unlock",31199,"Masculino",100,"EDP","Fougère","https://cdn.shopify.com/s/files/1/0665/4456/6445/files/11.png","Es una fragancia icónica que combina lo mejor de la tradición con un toque contemporáneo, creando un perfume masculino que trasciende generaciones. Es una obra maestra olfativa  diseñada para el hombre moderno que busca versatilidad y elegancia en cada ocasión. Es más que un perfume; es una declaración de estilo y confianza para el hombre que sabe que la verdadera elegancia radica en la capacid..."
"ACQA DI GO","Unlock",28999,"Masculino",95,"EDP","Aromática","https://cdn.shopify.com/s/files/1/0665/4456/6445/files/10.png","Es un clásico atemporal que seduce a todo  el mundo, gracias a su frescura versátil y su elegancia relajada. Es como una brisa marina en una botella. Desde el primer instante, su apertura fresca y acuática, te transporta a un atardecer junto al mar. Es una fragancia que evoca la sensación de libertad y relajación, ideal para esos días de verano donde el sol, la arena y el agua son los protagoni..."
"KNZO HMME","Unlock",28499,"Masculino",100,"EDP","Aromática","https://cdn.shopify.com/s/files/1/0665/4456/6445/files/21.png","Es una fragancia que captura la esencia del hombre contemporáneo: elegante, dinámico y en armonía con su entorno. Inspirado en la fuerza y serenidad del océano, es una brisa fresca que combina lo clásico con un toque moderno, creando una experiencia olfativa versátil y atemporal. Es la expresión de libertad y modernidad en perfecto equilibrio. El día y la noche, el frío y el calor.   FAMILIA OL..."
"UNLOCK L BEU","Unlock",31199,"Femenino",125,"EDP","","https://cdn.shopify.com/s/files/1/0665/4456/6445/files/DSC09977_39ec76e4-3f40-471e-aa68-04799bae533d.jpg","Una invitación a escapar sin moverse. La fragancia se percibe luminosa y envolvente, con un carácter fresco pero seductor, que evoca un paraíso moderno: exuberante, cálido y despreocupado. Desde el primer momento transmite una sensación de libertad y placer, como piel acariciada por el sol en un entorno natural y sofisticado a la vez.  FAMILIA OLFATIVA: Aromática  SALIDA: Notas verdes, Menta  C..."
"UNLOCK TM FRD OD WD MINI","Unlock",16999,"Masculino",30,"EDP","Aromática","https://cdn.shopify.com/s/files/1/0665/4456/6445/files/UNLOCK_PRODUCTOS-145.jpg","Fragancia que encarna la esencia  de la sofisticación y el lujo atemporal. Es un perfume clásico y elegante, diseñado para el hombre que busca destacar con estilo. Perfecto para las noches frías de otoño  e invierno, es el complemento ideal para ocasiones especiales como citas románticas o fiestas exclusivas. Es el complemento perfecto para looks refinados y  actitudes sofisticadas.   Familia O..."
"UNLOCK ON MLLON LCKY MINI","Unlock",16999,"Masculino",20,"EDP","","https://cdn.shopify.com/s/files/1/0665/4456/6445/files/Untitleddesign_17.png","Familia Olfativa: Amaderada  Salida: Ciruela, Notas ozónicas, Pomelo Bergamota  Corazón: Avellana, Miel, Cedro, Madera de cachemira, Flor de azahar del  naranjo y Jazmín  Fondo: Amberwood, Pachulí, Vetiver y Musgo de roble"
"VRSCE ERS MINI","Unlock",16999,"Masculino",30,"EDP","","https://cdn.shopify.com/s/files/1/0665/4456/6445/files/11_1.png","Es una fragancia icónica que combina lo mejor de la tradición con un toque contemporáneo, creando un perfume masculino que trasciende generaciones. Es una obra maestra olfativa  diseñada para el hombre moderno que busca versatilidad y elegancia en cada ocasión. Es más que un perfume; es una declaración de estilo y confianza para el hombre que sabe que la verdadera elegancia radica en la capacid..."
"PL RD MINI","Unlock",16999,"Masculino",25,"EDP","","https://cdn.shopify.com/s/files/1/0665/4456/6445/files/POLORED1.jpg","Este perfume es un homenaje a la audacia masculina. Con notas de salida de grano de café y frutos rojos, su corazón de jengibre y salvia aporta una energía vibrante. La base de almizcle y madera refuerza su carácter audaz. Ideal para hombres que buscan destacar en cualquier ocasión, tanto para el día como la noche.  Familia Olfativa: Amaderada-Oriental  Salida: Arándano, Toronja, Limón Italiano..."
"UNLOCK L´EU D´SSY HOM","Unlock",27499,"Masculino",100,"EDP","Floral","https://cdn.shopify.com/s/files/1/0665/4456/6445/files/UNLOCK_PRODUCTOS-35_d738640d-eb18-476a-adeb-f544d751591b.jpg","Una fragancia masculina que encarna la esencia de la elegancia atemporal y la frescura natural. Es un perfume floral y delicado, para quienes buscan encantar con sutileza y gracia en los días soleados de primavera y verano.  Perfecta para ocasiones informales.  Familia Olfativa: Floral-Acuática  Salida: Flor de loto, Melón, Fresia, Agua de rosas, Rosa, Calone y Ciclamen.  Corazón: Lirio de los ..."
"ON MLLON LCKY","Unlock",28499,"Masculino",100,"EDP","","https://cdn.shopify.com/s/files/1/0665/4456/6445/files/UNLOCKOneMillionLucky.png","Un perfume que irradia opulencia y extravagancia, para quienes buscan destacar en fiestas de lujo o citas memorables. Desde el primer instante, su apertura fresca y vibrante, te envuelve en una atmósfera de energía y juventud. El compañero perfecto para el hombre moderno que vive al límite, disfruta los placeres de la vida y no teme ser el centro de atención. Una fragancia que dejará tu marca e..."
"BCCRT ROGE MINI","Unlock",16999,"Unisex",25,"EDP","","https://cdn.shopify.com/s/files/1/0665/4456/6445/files/BAGUES_16122025-77_4.jpg","FAMILIA OLFATIVA: Oriental - Floral  SALIDA: Mandarina, Naranja y Azafrán de la India  CORAZÓN: Osmanto y Nardo de la India  FONDO: Notas amaderadas y Ámbar"
"UNLOCK PUR S HOM MINI","Unlock",16999,"Masculino",25,"EDP","Oriental","https://cdn.shopify.com/s/files/1/0665/4456/6445/files/UNLOCK_06082024-1.jpg","Este perfume captura la esencia de la sensualidad masculina. Las notas de salida de jengibre y limón se combinan con un corazón de manzana y flor de azahar, mientras que la base de almizcle y madera de sándalo añade profundidad. Ideal para hombres que buscan un aroma audaz y seductor, perfecto para eventos nocturnos o celebraciones.  Familia Olfativa: Oriental-Aromática  Salida: Jengibre, Tomil..."